,Area,equivalent_diameter
1,537500.0,827.2643200907131
2,117500.0,386.78889139475245
3,9375.0,109.25484305920791
4,315000.0,633.3012368467128
5,459375.0,764.7839014144554
6,5625.0,84.62843753216345
7,25000.0,178.4124116152771
8,1100000.0,1183.4540545406394
9,1428125.0,1348.460316370083
10,708750.0,949.9518552700692
